Complexity,Loss,Equation
1,0.42979306,"0.0017914069"
3,0.00011952511,"x1 * -16.237238"
4,0.00011906099,"sin(x1) * -16.245995"
5,0.000117208445,"(x1 * -16.237408) - 0.0015216392"
6,0.00011472992,"(cos(x0) - 17.19119) * x1"
7,0.000110883746,"x1 * ((x0 * -0.24650553) - 16.2349)"
8,0.000102244376,"x1 * (cos(x0 + 0.28470862) - 17.183084)"
9,0.00010160734,"sin(x1) * (cos(x0 + 0.31084177) - 17.191635)"
10,9.908397e-5,"(cos(0.2902158 + (x0 * 1.403839)) - 17.1681) * x1"
11,9.5615374e-5,"x1 * (cos(cos(exp(exp(x0)) * 0.60931706)) - 17.147366)"
12,9.325055e-5,"(cos(x0 + ((x2 + 0.41438508) + x0)) - 17.161648) * x1"
13,9.269186e-5,"sin(x1) * (cos((x2 + x0) + (x0 + 0.417267)) - 17.169647)"
14,8.49588e-5,"x1 * (cos((x0 + ((x2 + x0) + 0.2135368)) * 1.5381554) - 17.142656)"
16,8.476498e-5,"(cos(0.38031438 + (exp(0.4990297) * ((x2 + x0) + x0))) - 17.142498) * sin(x1)"
17,8.4179046e-5,"(cos((x2 + (1.6471721 * (x0 + x0))) + (x2 + 0.3765287)) - 17.126156) * sin(x1)"
18,7.411879e-5,"(cos(((((x0 + (x2 + x0)) + x2) + x0) * 1.7144799) + 0.3725862) - 17.109749) * x1"
19,7.3836985e-5,"(cos(((x2 + ((x0 + (x2 + x0)) + x0)) * 1.6471721) + 0.3765287) - 17.126156) * sin(x1)"
