Complexity,Loss,Equation
1,0.013454342,"-0.0060007"
3,0.0014531546,"x0 + x2"
4,0.0013186554,"x2 + sin(x0)"
5,0.00010825716,"x0 + (x2 - x1)"
6,0.00010809815,"(x0 + x2) - sin(x1)"
7,5.000252e-5,"((x0 + x2) * 1.067024) - x1"
8,4.9014252e-5,"sin(((x2 + x0) * 1.0712786) - x1)"
9,4.8121874e-5,"((x0 + x2) * 1.0633682) - (x1 * 0.96451855)"
10,4.7549685e-5,"sin(((x2 + x0) * 1.0679812) - (x1 * 0.9684916))"
11,4.7119785e-5,"sin(sin(((x0 + x2) * 1.0726076) - (x1 * 0.9725274)))"
12,4.5484107e-5,"sin((0.26077342 - x1) + ((x2 + x0) * 1.1085515)) - 0.25572455"
13,4.5090786e-5,"sin(sin(0.19699009 - x1) + ((x2 + x0) * 1.0901647)) - 0.1927795"
14,4.4979228e-5,"sin(sin(sin(0.1886736 - x1) + ((x2 + x0) * 1.0934331)) - 0.18468806)"
15,4.4809585e-5,"sin(sin(sin(0.15848301 - x1)) + sin((x0 + x2) * 1.0882875)) - 0.15485261"
16,4.4628418e-5,"sin(sin(sin(sin(sin(0.11526053 - x1))) + ((x2 + x0) * 1.0888076))) - 0.11186159"
17,4.4513337e-5,"sin(sin(((x2 + x0) * 1.0865508) + sin(sin(sin(sin(0.10717027 - x1)))))) - 0.10386309"
18,4.4442542e-5,"sin(sin(((x0 + x2) * 1.0847943) + sin(sin(sin(sin(sin(0.10076418 - x1))))))) - 0.0975421"
19,4.4399887e-5,"sin(sin(((x2 + x0) * 1.0833635) + sin(sin(sin(sin(sin(sin(0.09488579 - x1)))))))) - 0.091749996"
20,4.430816e-5,"sin(sin((sin(x0 + x2) * 1.0878596) + sin(sin(sin(sin(sin(sin(0.0948973 - x1)))))))) - 0.091696315"
